title,username,route,itinerary,departure_date,days,tags,cost,photo_count,text_content,image_content,views,likes,favorites,comments,shares,url,trip_days
【河北】邢石六日，触摸燕赵的呼吸与心跳（公交游记攻略）,太空精灵儿,途经：石家庄>邢台,行程：河北博物院>清风楼>正太饭店>龙泉古镇·戏剧幻城>西部长青>石家庄站,2025-04-24 出发,共6天,深度游 古镇 探险,None,345张照片,,https://tr-osdcp.qunarzz.com/tr_osd_tr_hy/tr-osd-tr-space-img_7ae3482d208c6a27615fdf5dcad4b3d3.jpg_160x120x95_17e68415.jpg,5936,0,0,0,0,https://travel.qunar.com/travelbook/note/7887665,共6天
我的自驾-----2025寒假皖鄂湘粤闽长线,有你才精彩,途经：郴州>广州>汕头>梅州Mei Zhou City>厦门Xiamen>顺德,行程：飞天山景区>高椅岭旅游区>莽山国家森林公园>永庆坊>广州塔>越秀公园>珠江>汕头老...,2025-01-15 出发,共17天,自驾 寒假,None,1335张照片,-蚌埠，1198公里。,https://tr-osdcp.qunarzz.com/tr_osd_tr_hy/tr-osd-tr-space-img_662e0dc82441f7a160ad852c021d6eb1.jpg_160x120x95_6e41d49c.jpg,7436,0,0,0,0,https://travel.qunar.com/travelbook/note/7887582,共17天
广西涠洲岛-北海-南宁七日游~,liuyan5200,途经：北海>涠洲岛,行程：涠洲岛>侨港风情街>涠洲岛火山国家地质公园>滴水丹屏>蓝桥>圣母堂>北海老街>冠头...,2025-04-28 出发,共7天,五一 第一次,人均500元,100张照片,又一22个小时的返程时间。,https://tr-osdcp.qunarzz.com/tr_osd_tr_hy/tr-osd-tr-space-img_df942bec8f237a83a5288eafc9ebee74.jpg_160x120x95_fb0f4614.jpg,8192,0,0,0,0,https://travel.qunar.com/travelbook/note/7887137,共7天
三亚10日度假,psyz7425,途经：运城>三亚,行程：运城机场-茶餐厅>运城盐湖国际机场>凤凰机场站>三亚海棠湾红树林度假酒店>cdf三亚国...,2025-05-01 出发,共10天,五一,None,134张照片,终于，在大堂不间歇的玩了快2个小时之后，她也累了，同意回房间了，,https://tr-osdcp.qunarzz.com/tr_osd_tr_hy/tr-osd-tr-mapi-img_e7cb0c9327eed9c5317f01f27df566cd.jpg_160x120x95_787d595f.jpg,7011,0,0,0,0,https://travel.qunar.com/travelbook/note/7887005,共10天
你的一句桂林山水甲天下，我便来到了真桂林,auxt7729,途经：阳朔>北海>桂林>潮州,行程：山水甲天下>涠洲岛>阳朔>桂林北站>《印象刘三姐》山水实景演出>如意峰索道景区...,2025-04-08 出发,共13天,None,人均8000元,159张照片,终于，在大堂不间歇的玩了快2个小时之后，她也累了，同意回房间了，,https://tr-osdcp.qunarzz.com/tr_osd_tr_hy/tr-osd-tr-mapi-img_b011d531bb52873d88641452b99f524f.jpg_160x120x95_92925bf3.jpg,8105,0,0,0,0,https://travel.qunar.com/travelbook/note/7886546,共13天
东京旅行📍迷失东京🗼新手初入东京旅行攻略🧾这些地方一定要去❗️,少年鲍勃,途经：日本(东京Tokyo),行程：代代木公园>上野公园>秋叶原>东京塔>浅草寺>新宿>浅草>涩谷>表参道>东京晴空塔...,2025-03-23 出发,共2天,深度游 清明 美食 五一 第一次,人均2000元,118张照片,“东京旅行吃什么❓热门美食攻略一览🥢”,https://tr-osdcp.qunarzz.com/tr_osd_tr_hy/tr-osd-tr-mapi-img_185b636b2a2658368afe67c2c96e4ead.jpg_160x120x95_e3ed38fc.jpg,8366,0,0,0,0,https://travel.qunar.com/travelbook/note/7886381,共2天
趁我还记得起这场旅行——春天的平遥古城刚刚好,妮妮的旅行日...,途经：平遥,行程：镇国寺>双林寺>马家大院>华北第一镖局>日升昌票号>协同庆票号(中国钱庄博物馆),2025-04-11 出发,共3天,深度游 穷游 美食 古镇 五一 踏春,人均900元,60张照片,“东京旅行吃什么❓热门美食攻略一览🥢”,https://tr-osdcp.qunarzz.com/tr_osd_tr_hy/tr-osd-tr-space-img_2787e8b19c1aee320003ed15e6efec3c.jpg_160x120x95_e3a55873.jpg,8679,0,0,0,0,https://travel.qunar.com/travelbook/note/7886120,共3天
边陲小城德宏，一场泼水节的狂欢！,小肥颖儿,暂无数据,暂无数据,2025-04-19 出发,共1天,美食 夏季,None,262张照片,瑞丽河谷的风追了三里路，只为把最后一缕野柠檬香缠进我的发梢。,https://tr-osdcp.qunarzz.com/tr_osd_tr_hy/tr-osd-tr-space-img_023f368bff4d892d9b5cc42997adc8ca.jpg_160x120x95_99bb51a1.jpg,6437,0,0,0,0,https://travel.qunar.com/travelbook/note/7885897,共1天
广州，顺德6日自由行,carol-静,途经：广州>佛山>顺德,行程：游记>广州东站>广州西站>广州站>广州南站>广州塔>北京路步行街>珠江新城>广州壹...,2025-04-04 出发,共6天,None,None,165张照片,瑞丽河谷的风追了三里路，只为把最后一缕野柠檬香缠进我的发梢。,https://tr-osdcp.qunarzz.com/tr_osd_tr_hy/tr-osd-tr-space-img_d57fda2c847ede1231345dbc3ece7d63.jpg_160x120x95_55af5b97.jpg,1.1万,0,0,0,0,https://travel.qunar.com/travelbook/note/7885482,共6天
用车轮和脚步书写的新西兰南岛《山海经》（2025版）（三）,小猪xxhh,暂无数据,暂无数据,2025-01-22 出发,共14天,深度游 温泉 自驾 徒步 春节,人均26000元,648张照片,舷窗外，西海岸线正缓缓没入浓稠夜色，机舱内，昏黄灯光轻轻摇曳，引擎持续发出低沉嗡鸣，好似一首舒缓的催眠曲。凌晨一点的夜空下，这片土地最后一次向我展露它的轮廓 —— 十二天前，我怀揣憧憬降落于此；此刻，它却将那些壮丽的山海、澄澈的湖峡，还有每一个或晨或昏、或晴或雨的瞬间，统统化作记忆的碎片，悄然塞进我的行囊。,https://tr-osdcp.qunarzz.com/tr_osd_tr_hy/tr-osd-tr-space-img_ed1184e294ba1854a09938c6922d4f69.jpg_160x120x95_67ca023e.jpg,1万,0,0,0,0,https://travel.qunar.com/travelbook/note/7885314,共14天
用车轮和脚步书写的新西兰南岛《山海经》（2025版）（二）,小猪xxhh,途经：新西兰(但尼丁Dunedin 特卡波湖Lake tekapo),行程：兰园,2025-01-22 出发,共14天,深度游 美食 自驾 徒步 春节,人均26000元,690张照片,舷窗外，西海岸线正缓缓没入浓稠夜色，机舱内，昏黄灯光轻轻摇曳，引擎持续发出低沉嗡鸣，好似一首舒缓的催眠曲。凌晨一点的夜空下，这片土地最后一次向我展露它的轮廓 —— 十二天前，我怀揣憧憬降落于此；此刻，它却将那些壮丽的山海、澄澈的湖峡，还有每一个或晨或昏、或晴或雨的瞬间，统统化作记忆的碎片，悄然塞进我的行囊。,https://tr-osdcp.qunarzz.com/tr_osd_tr_hy/tr-osd-tr-space-img_ed1184e294ba1854a09938c6922d4f69.jpg_160x120x95_67ca023e.jpg,1.1万,0,0,0,0,https://travel.qunar.com/travelbook/note/7885291,共14天
用车轮和脚步书写的新西兰南岛《山海经》（2025版）（一）,小猪xxhh,暂无数据,暂无数据,2025-01-22 出发,共14天,深度游 美食 自驾 徒步 春节,人均26000元,204张照片,"做新西兰旅行攻略，首推堪称""百科全书""的新西兰旅游局官网，其中文界面友好，信息覆盖南北岛所有热门与冷门景点，从住宿预订到活动选择都能找到官方直连。特别值得一提的是其Qualmark认证体系，这个新西兰旅游业的“奥斯卡奖”会对酒店、旅游项目和交通服务进行金银铜三级评定，比如持有金标的酒店必须连续三年获得游客4.8分以上的评价，含金量十足。我预订时就专门筛选带Qualmark金标的活动，体验确实有保障。当然，马蜂窝上的游记同样具有重要的参考价值，可以查漏补缺。",https://tr-osdcp.qunarzz.com/tr_osd_tr_hy/tr-osd-tr-space-img_3d69e4dda29c3cfc3be6e0335431b4c7.jpg_160x120x95_64b21754.jpg,1.1万,0,0,0,0,https://travel.qunar.com/travelbook/note/7885283,共14天
【山城重庆魔幻8D之旅】重庆3天2晚暴走攻略！解锁赛博朋克式烟火气！,铁哥的旅行笔...,途经：重庆,行程：嘉陵江>长江索道>禹王宫>湖广会馆>重庆十八梯传统风貌区>十八梯>千厮门大桥>山城...,2025-04-03 出发,共3天,深度游 端午 五一,人均200元,46张照片,⭕️解放碑：首选，位于市中心商圈，去哪都方便！,https://tr-osdcp.qunarzz.com/tr_osd_tr_hy/tr-osd-tr-mapi-img_2f546cc2a7c9feede39239495e586729.jpg_160x120x95_72fe205d.jpg,1.4万,0,0,0,0,https://travel.qunar.com/travelbook/note/7884482,共3天
春日踏梦五镇，邂逅江南万般温柔（公交游记攻略）,太空精灵儿,途经：湖州>苏州,行程：南浔古镇>黎里古镇>衣裳街>飞英塔>小莲庄>嘉业藏书楼>铁佛寺>太湖,2025-03-15 出发,共10天,深度游 古镇 踏春,人均3500元,537张照片,,https://tr-osdcp.qunarzz.com/tr_osd_tr_hy/tr-osd-tr-space-img_c0aa1c9c78defb8217a3cfbb0588ac3d.jpg_160x120x95_6a453aea.jpg,1.3万,0,0,0,0,https://travel.qunar.com/travelbook/note/7884473,共10天
摩洛哥6天5晚北部小环线游,马piaoliang,暂无数据,暂无数据,2025-02-10 出发,共6天,深度游 美食 自驾 踏春 摄影 夏季 徒步 冬季,人均8000元,30张照片,,https://tr-osdcp.qunarzz.com/tr_osd_tr_hy/tr-osd-tr-mapi-img_a282858939e9f8c3416234ff1064da60.jpg_160x120x95_2e8edef6.jpg,8817,0,0,0,0,https://travel.qunar.com/travelbook/note/7884439,共6天
芒街，越南等6个城市6日游2016.12,carol-静,暂无数据,暂无数据,2016-12-05 出发,共6天,美食,None,356张照片,,https://tr-osdcp.qunarzz.com/tr_osd_tr_hy/tr-osd-tr-space-img_5a8eac3f0f4866ffc0eb85432a2ce03c.jpg_160x120x95_6f5981b4.jpg,8137,0,0,0,0,https://travel.qunar.com/travelbook/note/7884146,共6天
青岛威海等7个城市6日游2016.5,carol-静,途经：威海,行程：小吃一条街>威海华夏城>中国甲午战争博物馆>刘公岛国家森林公园>刘公岛博览园>威海...,2016-05-26 出发,共6天,美食 海滨海岛,None,260张照片,星海广场位于中国辽宁省大连市沙河口区，是大连市西南部的露天广场、纪念香港特别行政区回归中国的主要建设工程，也是大连市的标志建筑之一。,https://tr-osdcp.qunarzz.com/tr_osd_tr_hy/tr-osd-tr-space-img_9cd0773b8bebe103f4a5faadba988c3b.jpg_160x120x95_ba0ff4c5.jpg,7890,0,0,0,0,https://travel.qunar.com/travelbook/note/7884141,共6天
【日本福冈赏樱🌸14日自驾之旅】,Billywlyiu,途经：日本(福冈Fukuoka),行程：福冈城>大濠公园>筑前>能古岛,2025-03-28 出发,共14天,美食 海滨海岛 温泉 自驾 赏樱 踏春,人均12000元,274张照片,最后，要感谢🙏🙏我们其中的一个队友，她每天为我们提供一切景点资訊及资料搜集，令到今次旅程顺利圆满完成✅🎯,https://tr-osdcp.qunarzz.com/tr_osd_tr_hy/tr-osd-tr-mapi-img_4251f4600ec0ebf0ea2b8c8c4aabb94f.jpg_160x120x95_1d56bb5d.jpg,2936,0,0,0,0,https://travel.qunar.com/travelbook/note/7884104,共14天
"丽贝岛,曼谷,合艾11日游",coffeegoal,途经：泰国(曼谷Bangkok 丽贝岛kohlipe 合艾Hat yai 龙仔厝Samut Sakhon 夜功Mueang Samut S...,行程：Nok Air>Ko Usen>Blue Whale Lipe On Tour>Masjid Al Marhamah>Maricilla Beach...,2025-03-08 出发,共11天,None,人均10000元,207张照片,18:00，伴随着夕阳，离开曼谷,https://tr-osdcp.qunarzz.com/tr_osd_tr_hy/tr-osd-tr-mapi-img_22c2963f44e0dea92bbcfc9cb174ac94.jpg_160x120x95_61664b05.jpg,8103,0,0,0,0,https://travel.qunar.com/travelbook/note/7883901,共11天
南昌、安徽八日游,时光画师Lee,途经：南昌,行程：八一起义纪念馆,2025-03-19 出发,共8天,None,人均3500元,108张照片,18:00，伴随着夕阳，离开曼谷,https://tr-osdcp.qunarzz.com/tr_osd_tr_hy/tr-osd-tr-mapi-img_3f3f57f93148c0e289f3c6ff6df3c3aa.jpg_160x120x95_4fa28c8c.jpg,4476,0,0,0,0,https://travel.qunar.com/travelbook/note/7883477,共8天
周末换个活法，我们去奔赴一场古建之旅（平遥古城）,妮妮的旅行日...,途经：平遥,行程：日升昌票号>城隍庙>马家大院>镇国寺>迎薰门>双林寺>平遥文庙>同兴公镖局,2025-03-15 出发,共2天,深度游 古镇 短途周末 踏春 摄影 探险,人均600元,65张照片,古城每一个院落里的古老斑迹，城墙砖瓦,https://tr-osdcp.qunarzz.com/tr_osd_tr_hy/tr-osd-tr-space-img_32b92a4f69bd1c6583cc55a260445eae.jpg_160x120x95_6eb216d8.jpg,7680,0,0,0,0,https://travel.qunar.com/travelbook/note/7883171,共2天
从东京到常滑，一路繁花,lilac1978,途经：日本(东京Tokyo 镰仓Kamakura 常滑市Tokoname),行程：银座>国立科学博物馆>上野动物园>上野公园>浅草>浅草寺>皇居,2024-06-22 出发,共8天,美食 暑假 毕业游 夏季 第一次,人均7000元,1237张照片,,https://tr-osdcp.qunarzz.com/tr_osd_tr_hy/tr-osd-tr-space-img_3dcbe486cb84a18f8bd82066a5f8aebb.jpg_160x120x95_d99f60bb.jpg,4183,0,0,0,0,https://travel.qunar.com/travelbook/note/7882174,共8天
绷不住了去蚌埠,鱼与花,暂无数据,暂无数据,2025-02-25 出发,共4天,美食,None,110张照片,蚌埠是一座兼容南北的城市，美食美景兼而有之。 春天来了，如果您有出行计划不妨来蚌埠看看。,https://tr-osdcp.qunarzz.com/tr_osd_tr_hy/tr-osd-tr-mapi-img_a593e1e99fa4882524e7e7bb677d93e9.jpg_160x120x95_04c802ac.jpg,7632,0,0,0,0,https://travel.qunar.com/travelbook/note/7881988,共4天
从邯郸去河南  感受历史,爱独行的女子,途经：安阳>邯郸,行程：殷墟>响堂山石窟>丛台公园>殷墟博物馆>袁林,2025-02-14 出发,共5天,None,None,188张照片,从博物馆出来打车去高铁站回家。,https://tr-osdcp.qunarzz.com/tr_osd_tr_hy/tr-osd-tr-space-img_6b22a026a4965812d7b29cdad9ed4dc3.jpg_160x120x95_e50c02d1.jpg,1.1万,0,0,0,0,https://travel.qunar.com/travelbook/note/7881712,共5天
新加坡陪小伙伴追星之旅,罗拉小胖,途经：新加坡(新加坡Singapore)>上海,行程：樟宜机场>小印度>鱼尾狮公园>鱼尾狮>新加坡环球影城>滨海湾金沙,2025-02-01 出发,共5天,购物 美食 寒假 第一次,人均11000元,86张照片,从博物馆出来打车去高铁站回家。,https://tr-osdcp.qunarzz.com/tr_osd_tr_hy/tr-osd-tr-mapi-img_49ab3f0e0e6d1042ec26bee69dbf409f.jpg_160x120x95_70f77ad8.jpg,2486,0,0,0,0,https://travel.qunar.com/travelbook/note/7881710,共5天
"西安,常德5日游",喵叽,途经：西安>渭南>华阴,行程：西安钟楼>西安站>西安汽车站>高家大院>秦人蜡像馆>秦国竹简展厅>秦始皇兵马俑一号...,2025-01-29 出发,共5天,春节,人均2000元,431张照片,西安6918元,https://tr-osdcp.qunarzz.com/tr_osd_tr_hy/tr-osd-tr-mapi-img_c0d532b17c5ec380b2b11449afe7a8aa.jpg_160x120x95_6945433c.jpg,1.1万,0,0,0,0,https://travel.qunar.com/travelbook/note/7881215,共5天
从泉州到潮汕，闽南红，潮汕味,票子许,途经：泉州>石狮>潮州,行程：泉州古城>洛伽寺>关岳庙>泉州天后宫>泉州府文庙>开元寺>泉州开元寺>潮州古城...,2025-02-05 出发,共4天,None,None,191张照片,当天的飞机又晚点了，好在晚点不久，在机场一碗粿条都没有吃完，行程结束啦。,https://tr-osdcp.qunarzz.com/tr_osd_tr_hy/tr-osd-tr-space-img_4c3d5fa9b3f412f075e1d8a487a0c4dc.jpg_160x120x95_820a0b42.jpg,2140,0,0,0,0,https://travel.qunar.com/travelbook/note/7881066,共4天
重庆三峡之旅（2025.2.2-2.9 重庆-巫山-奉节）,sanmeib,途经：奉节Fengjie County>重庆>巫山Wushan County,行程：三峡之巅>魁星楼>白帝城>山城步道>白象居>嘉陵江小三峡风光带>重庆北站>重庆西站...,2025-02-02 出发,共8天,深度游 购物 美食 徒步 冬季 春节,人均3300元,574张照片,柳坪游客中心傍边的民宿，建在山上，环境很不错,https://tr-osdcp.qunarzz.com/tr_osd_tr_hy/tr-osd-tr-mapi-img_717ada9425ca79bf2aeda56bf2f56638.jpg_160x120x95_5b949474.jpg,8833,0,0,0,0,https://travel.qunar.com/travelbook/note/7881057,共8天
桂林旅行📍请相信桂林山水⛰️桂林/阳朔旅行攻略🌊三天两晚特种兵,少年鲍勃,途经：阳朔>桂林,行程：十里画廊>桂林两江四湖景区>独秀峰>东西巷>如意峰索道景区>兴坪古镇>日月双塔...,2025-02-17 出发,共3天,深度游 跨年 美食 第一次 春节,人均1500元,131张照片,🌊桂林山水真的太美了，即便是错峰反向旅行也非常值得去，当然我们是特种兵速通，形成很紧凑，可以根据实际需求调整行程。,https://tr-osdcp.qunarzz.com/tr_osd_tr_hy/tr-osd-tr-mapi-img_1be971c19585b37146ed8df21a1647f0.jpg_160x120x95_dace7570.jpg,1.1万,0,0,0,0,https://travel.qunar.com/travelbook/note/7880960,共3天
海南岛游记——文昌三日,河之南北,途经：文昌,行程：东郊椰林风景区>椰子大观园,2025-01-17 出发,共3天,跨年 环游 穷游 海滨海岛 徒步,人均200元,27张照片,,https://tr-osdcp.qunarzz.com/tr_osd_tr_hy/tr-osd-tr-space-img_fada9a2e79c9b88b3eb9859e6fdc33b6.jpg_160x120x95_4f87645c.jpg,9601,0,0,0,0,https://travel.qunar.com/travelbook/note/7880951,共3天
河北自驾海南15日游,宁萱0310,暂无数据,暂无数据,2025-01-30 出发,共15天,海滨海岛 自驾 春节,人均4000元,146张照片,我们的旅程这就结束啦～吃过早饭就迫不及待地往家赶啦～,https://tr-osdcp.qunarzz.com/tr_osd_tr_hy/tr-osd-tr-mapi-img_c19efed7f35631aa338d72609ffb794a.jpg_160x120x95_eb466812.jpg,2460,0,0,0,0,https://travel.qunar.com/travelbook/note/7880795,共15天
北极—我在世界的尽头追极光,爱旅游的鑫仔,途经：俄罗斯(莫斯科Moscow)>美国(北极North Pole),行程：莫斯科大剧院>红场,2025-01-25 出发,共8天,深度游 跨年 购物 漫游 美食 摄影,人均12000元,152张照片,这次的旅行，也有很多遗憾，比如没有去成圣彼得堡。如果大家时间充裕的话，一定要去圣彼得堡待几天，去看看世界上四大博物馆之一的冬宫，那里有很多我们的文物，希望有一天，所有在外的文物都可以回归祖国。,https://tr-osdcp.qunarzz.com/tr_osd_tr_hy/tr-osd-tr-space-img_fcc71fa238653275e22d4c1ec42cb4ef.jpg_160x120x95_7cd111aa.jpg,1万,0,0,0,0,https://travel.qunar.com/travelbook/note/7880536,共8天
自驾游‖我们在山村里的跨年追梦行动,行者Terry,途经：长兴,行程：寿圣寺>顾渚村,2024-12-30 出发,共3天,深度游 跨年 自驾 短途周末,人均800元,88张照片,从2024走进2025的一次旅行，很难忘，接着咱们从2025走向2026，继续哈！,https://tr-osdcp.qunarzz.com/tr_osd_tr_hy/tr-osd-tr-space-img_79117f504123dc3b0c3560b887d445e9.jpg_160x120x95_86fbc423.jpg,9827,0,0,0,0,https://travel.qunar.com/travelbook/note/7880509,共3天
2025上海春节度假,Caojy690,途经：上海,行程：古城公园>静安寺>世纪公园>外滩>长风公园>黄浦江>中山公园>外白渡桥>世博文化公...,2025-01-26 出发,共10天,深度游 购物 美食 古镇 春节,人均4000元,225张照片,,https://tr-osdcp.qunarzz.com/tr_osd_tr_hy/tr-osd-tr-space-img_23fd11c5eb90c5829bf23d4f85283ac8.jpg_160x120x95_cb59af6a.jpg,5268,0,0,0,0,https://travel.qunar.com/travelbook/note/7880391,共10天
期待，一场属于七十五岁单身女士的梦幻南半球邮轮之旅,去哪儿用户,暂无数据,暂无数据,2025-02-08 出发,共91天,None,None,65张照片,,https://tr-osdcp.qunarzz.com/tr_osd_tr_hy/tr-osd-tr-space-img_13f4526072576956771d8194298b484f.jpg_160x120x95_62dd44bb.jpg,1970,0,0,0,0,https://travel.qunar.com/travelbook/note/7880381,共91天
2025.1.24-2.1  9天 亲子深度畅游马来西亚,我是大熊,途经：马来西亚(仙本那Semporna)>黑山(比耶罗伯尔耶Bijelo Polje),行程：卡帕莱度假村>卡帕莱岛,2025-01-24 出发,共9天,深度游 漫游 潜水 春节,人均11000元,121张照片,经过三个小时的飞行，我们到吉隆坡的时候，已经是晚上啦,https://tr-osdcp.qunarzz.com/tr_osd_tr_hy/tr-osd-tr-space-img_94c213c2f0816fe71958f03a7ec1c707.jpg_160x120x95_5b031960.jpg,6019,0,0,0,0,https://travel.qunar.com/travelbook/note/7880237,共9天
在秋季去一次川西,苏格拉的眼泪,途经：成都>康定,行程：罗二火锅(小关庙店)>鱼子西>塔公草原>春熙路,2024-10-07 出发,共7天,自驾 摄影 赏秋,人均5000元,24张照片,经过三个小时的飞行，我们到吉隆坡的时候，已经是晚上啦,https://tr-osdcp.qunarzz.com/tr_osd_tr_hy/tr-osd-tr-mapi-img_e3193d650e92b8d0cf3b33b4deb42571.jpg_160x120x95_c972a0c8.jpg,8793,0,0,0,0,https://travel.qunar.com/travelbook/note/7880100,共7天
日本九州温泉之旅♨️,拖思卡那,途经：日本(福冈Fukuoka 别府市Beppu 阿苏市Aso 指宿市Ibusuki 鹿儿岛Kagoshima 宫崎市Miyaz...,行程：博多站>博多もつ锅 おおやま 都ホテル博多>别府阿曼内克优拉莱酒店(AMANEK YULA-RE Be...,2025-01-31 出发,共11天,环游 温泉 寒假 第一次 春节,None,195张照片,麺や兼虎(福岡PARCO店),https://tr-osdcp.qunarzz.com/tr_osd_tr_hy/tr-osd-tr-mapi-img_17f160017a8167cadcb91b71354483c2.jpg_160x120x95_9d51f9a1.jpg,4462,0,0,0,0,https://travel.qunar.com/travelbook/note/7880028,共11天
北方小土豆勇闯大东北,乔乔乔巴,途经：哈尔滨>沈阳,行程：中华巴洛克风情街>哈药六版画博物馆>圣索菲亚大教堂>兆麟公园>中央大街>哈尔滨冰雪...,2025-01-29 出发,共6天,第一次 春节,None,177张照片,短短五天 两个城市体会了东北的寒冷 东北的热情 东北的美食 和美景 之前一直想来一趟东北 终于实现了 只要装备足够 根本不用暖宝宝的 这一次带的暖宝宝基本没用 有机会还要再来东北,https://tr-osdcp.qunarzz.com/tr_osd_tr_hy/tr-osd-tr-mapi-img_c3b0d060aa13cf1cc36af2b37bccdd94.jpg_160x120x95_e36c64e6.jpg,1684,0,0,0,0,https://travel.qunar.com/travelbook/note/7879968,共6天
新年 遇见名古屋与北陆,SherryK,途经：日本(名古屋Nagoya 金泽Kanazawa),行程：丰田产业技术纪念馆>名古屋城>大须观音>金泽21世纪美术馆>伊奴神社>兼六园>名古屋...,2025-01-23 出发,共8天,None,人均10000元,169张照片,早☁️ 今天要去期待已久的伊奴神社⛩️！,https://tr-osdcp.qunarzz.com/tr_osd_tr_hy/tr-osd-tr-mapi-img_f34fa1d447700a86541f447622d46de1.jpg_160x120x95_b8220261.jpg,8292,0,0,0,0,https://travel.qunar.com/travelbook/note/7879967,共8天
北京寒假带娃16天半月游攻略北京溜娃亲子游2周旅游,加丸子,途经：北京,行程：北京大学>北京毕节禾禾酒店>什刹海>北京大兴国际机场>故宫博物院>景山公园>午门...,2025-01-28 出发,共1天,寒假,None,15张照片,,https://tr-osdcp.qunarzz.com/tr_osd_tr_hy/tr-osd-tr-space-img_f7d3f8576f40e913fe61ca240839d615.jpeg_160x120x95_6e0a7166.jpeg,8545,0,0,0,0,https://travel.qunar.com/travelbook/note/7879815,共1天
一步入画卷，濮院更江南--在“浙”古镇包个小院过个“宋韵”年,驴说旅行,途经：桐乡>佛山,行程：乌镇>西栅,2025-01-23 出发,共2天,深度游 跨年 漫游 美食 古镇 春节,人均500元,274张照片,1）门票：成人120元、儿童60元（6周岁以下或1米2以内免票）、学生票60元（全日制大、中、小学生）、老人票60元（60~69周岁）。入住景区客栈或酒店，住宿期间含早餐、多次进出古镇权益、景交车免费最划算。,https://tr-osdcp.qunarzz.com/tr_osd_tr_hy/tr-osd-tr-space-img_8480e9d3c197d0434e1f7621ab69fbb4.jpg_160x120x95_a98025e5.jpg,5.7万,0,0,0,0,https://travel.qunar.com/travelbook/note/7879807,共2天
巴中、汉中行‖我们在寻秋探幽的路上,行者Terry,途经：上海>南江>汉中>光雾山Guangwushan,行程：上海文化广场>Shanghai Pass>十八月潭景区>瀑布>拜将坛>汉中天台国家森林公园>闵...,2024-10-27 出发,共8天,深度游 婚纱 赏枫 摄影 赏秋,人均4106元,382张照片,在巴中我们寻到了秋、赏到了景，在汉中我们探到了幽、访到了古，该收兵收心了。归巢！,https://tr-osdcp.qunarzz.com/tr_osd_tr_hy/tr-osd-tr-space-img_fc6d9d66e86056093544fe083fabaea7.jpg_160x120x95_8b95c7ee.jpg,8112,0,0,0,0,https://travel.qunar.com/travelbook/note/7878902,共8天
埃及10日游,时光画师Lee,途经：埃及(开罗Cairo Nazlet El-SemmanNazlet El-Semman),行程：Monument to the Unknown Soldier>胡夫金字塔>Funerary Temple of Menkaure>狮身人面...,2025-01-03 出发,共10天,None,人均8000元,144张照片,在巴中我们寻到了秋、赏到了景，在汉中我们探到了幽、访到了古，该收兵收心了。归巢！,https://tr-osdcp.qunarzz.com/tr_osd_tr_hy/tr-osd-tr-mapi-img_f11b4da28036b5dbc5ea9f316abc1dac.jpg_160x120x95_70b04789.jpg,5539,0,0,0,0,https://travel.qunar.com/travelbook/note/7877951,共10天
国庆十三日三地行个人版,Caojy690,途经：上海>无锡>韩国(西归浦Seogwipo 济州市Jeju),行程：田子坊>三国城>柱状节理带>南禅寺>城山日出峰>鼋头渚>无锡博物院>武康路>咸德海...,2023-09-19 出发,共13天,海滨海岛 古镇 国庆,人均5000元,222张照片,,https://tr-osdcp.qunarzz.com/tr_osd_tr_hy/tr-osd-tr-space-img_7ff7834a0ff1c5ac284734316844c08e.jpg_160x120x95_5b84bf29.jpg,8702,0,0,0,0,https://travel.qunar.com/travelbook/note/7877925,共13天
潮汕旅行📍古厝街巷潮浪家⛰️三天两晚特种旅行攻略,少年鲍勃,途经：潮州>汕头,行程：开元寺泰佛殿>韩文公祠>开元寺>牌坊街>广济桥>青龙古庙>铂顿国际公寓(潮州韩江店)...,2024-12-22 出发,共3天,深度游 跨年 美食 自驾 冬季 第一次,人均1500元,107张照片,⛰️潮汕地区不仅历史文化底蕴深厚，并且美食超标，如果有机会一定要去。我们这一次的旅行是极限特种兵，并且是自驾，行程比较紧，可以适当放缓节奏，增加天数，那祝大家旅行愉快咯！,https://tr-osdcp.qunarzz.com/tr_osd_tr_hy/tr-osd-tr-mapi-img_63be1ac1b7032800b747a584007be838.jpg_160x120x95_162e598b.jpg,1.4万,0,0,0,0,https://travel.qunar.com/travelbook/note/7877317,共3天
武汉五日秋日游    多姿多彩看不够,鱼与花,途经：武汉,行程：武汉站>晴川阁>黄鹤楼>户部巷>归元禅寺>武汉大学>黎黄陂路>东湖>湖北省博物馆,2024-12-04 出发,共5天,赏秋,None,181张照片,⛰️潮汕地区不仅历史文化底蕴深厚，并且美食超标，如果有机会一定要去。我们这一次的旅行是极限特种兵，并且是自驾，行程比较紧，可以适当放缓节奏，增加天数，那祝大家旅行愉快咯！,https://tr-osdcp.qunarzz.com/tr_osd_tr_hy/tr-osd-tr-mapi-img_b3e47c7d5e04e660500f9e3fc0dd5527.jpg_160x120x95_b33bff77.jpg,1万,0,0,0,0,https://travel.qunar.com/travelbook/note/7876745,共5天
套马汉子千里走单骑～桂-湘-晋-豫,pbgj9707,途经：阳朔>桂林>长沙>大同>新乡>洛阳,行程：阳朔>阳朔烟雨蓝湾观景度假酒店(阳朔高铁站20元人民币景区店)>桂林兴坪漓江(20元人民...,2024-11-15 出发,共9天,环游 购物 美食 古镇 冬季,人均5000元,781张照片,⛰️潮汕地区不仅历史文化底蕴深厚，并且美食超标，如果有机会一定要去。我们这一次的旅行是极限特种兵，并且是自驾，行程比较紧，可以适当放缓节奏，增加天数，那祝大家旅行愉快咯！,https://tr-osdcp.qunarzz.com/tr_osd_tr_hy/tr-osd-tr-mapi-img_9b26457b098031989f3991a2061fbe8f.jpg_160x120x95_decbb433.jpg,1.1万,0,0,0,0,https://travel.qunar.com/travelbook/note/7876317,共9天
【浙东】又见宁波│古镇古建深秋巡礼（公交游记攻略）,太空精灵儿,途经：宁波,行程：庆安会馆>月湖公园>韩岭老街>东钱湖>浴室>老外滩>藏经楼>财神殿>南塘老街,2024-11-27 出发,共8天,深度游 漫游 古镇 赏秋,人均2000元,427张照片,回酒店休息到12：00退房存下行李，到不远的“三横王生煎“店团了一份生煎5个、一大碗黑米圆子粥，加上自助小咸菜，才12元多。生煎和红豆圆子粥都好吃，特别是圆子粥，糯糯稠稠有点儿甜，最是宁波味道。什么米线面条就不那么带劲儿了。,https://tr-osdcp.qunarzz.com/tr_osd_tr_hy/tr-osd-tr-space-img_0d1585a1455e482fae77962c25ebd372.jpg_160x120x95_410279e6.jpg,1.4万,0,0,0,0,https://travel.qunar.com/travelbook/note/7876161,共8天
【浙东】临海古城-国清古刹│深秋台州行（公交游记攻略）,太空精灵儿,途经：天台>临海>台州,行程：国清寺>国清景区>紫阳街>石梁飞瀑>龙兴寺>台州府城墙>台州府城文化旅游区>临海站...,2024-11-22 出发,共5天,深度游 古镇 赏秋,人均1500元,248张照片,,https://tr-osdcp.qunarzz.com/tr_osd_tr_hy/tr-osd-tr-space-img_d65a9c57049fed3416e0ca5978c5f7f2.jpg_160x120x95_bd964a61.jpg,1.2万,0,0,0,0,https://travel.qunar.com/travelbook/note/7876039,共5天
【东京6天休闲之旅】,Billywlyiu,途经：日本(东京Tokyo 大岛町Oshima machi),行程：新宿>浅草>里士满浅草国际酒店(Richmond Hotel Premier Asakusa International)>浅草...,2018-05-20 出发,共6天,None,人均12000元,151张照片,PS : 这份攻略是在2018年发布的，但不知道为何在疫情期间就开始不能在平台上阅读，所以现在整理后再重新在平台上发放，谢谢大家支持🙏🙏,https://tr-osdcp.qunarzz.com/tr_osd_tr_hy/tr-osd-tr-mapi-img_126c5535fe1f75f54929c21347d2e46a.jpg_160x120x95_1f6a5264.jpg,1万,0,0,0,0,https://travel.qunar.com/travelbook/note/7876028,共6天
套马汉子“游骑兵”之旅～记第十五届中国国际航空航天博览会（珠海）,pbgj9707,途经：珠海>上海,行程：第十五届中国航展>火庐青旅(普陀寺店)>珠海富瑜湾假日酒店(奥园体育中心店)>金湾机场...,2024-11-11 出发,共4天,深度游 冬季 第一次,人均5500元,552张照片,本次航展真的值得我回味终生，真的把我这多年的梦想变成现实……时间虽短，但无遗憾！！！,https://tr-osdcp.qunarzz.com/tr_osd_tr_hy/tr-osd-tr-mapi-img_442a49537c917ffc940ff7f0b8182e4f.jpg_160x120x95_32abbf0d.jpg,1万,0,0,0,0,https://travel.qunar.com/travelbook/note/7875773,共4天
河南旅游7人行程及费用参考,去哪儿用户,暂无数据,暂无数据,2024-05-06 出发,共8天,五一 自驾 第一次,人均4300元,15张照片,1.回程早5:30开封出发，6：30左右到达郑州新郑机场还车、换票、安检。开封到机场77公里，1小时14分左右。MF8045 郑州—大连  10:20 2.午餐：飞机提供。3.12:20落地大连周水子机场。,https://tr-osdcp.qunarzz.com/tr_osd_tr_hy/tr-osd-tr-mapi-img_4eaa6edfc7676fbbb6731554cc4f37fc.jpg_160x120x95_71b47130.jpg,1.1万,0,0,0,0,https://travel.qunar.com/travelbook/note/7875624,共8天
1日游,MC凯运-旅行...,途经：丽江,行程：丽江古城,2024-12-04 出发,共1天,深度游,人均38元,4张照片,1.回程早5:30开封出发，6：30左右到达郑州新郑机场还车、换票、安检。开封到机场77公里，1小时14分左右。MF8045 郑州—大连  10:20 2.午餐：飞机提供。3.12:20落地大连周水子机场。,https://tr-osdcp.qunarzz.com/tr_osd_tr_hy/tr-osd-tr-mapi-img_85065bf74894121de4bb681770b1d1b6.jpg_160x120x95_44dc3bcf.jpg,1万,0,0,0,0,https://travel.qunar.com/travelbook/note/7875542,共1天
期待，一场属于七十五岁单身女士的梦幻南半球邮轮之旅,去哪儿用户,暂无数据,暂无数据,2024-12-20 出发,共91天,深度游 跨年 圣诞 第一次,None,154张照片,,https://tr-osdcp.qunarzz.com/tr_osd_tr_hy/tr-osd-tr-space-img_13f4526072576956771d8194298b484f.jpg_160x120x95_62dd44bb.jpg,4206,0,0,0,0,https://travel.qunar.com/travelbook/note/7875309,共91天
1日游,MC凯运-旅行...,暂无数据,暂无数据,2024-12-01 出发,共1天,深度游 自驾 冬季,人均480元,2张照片,,https://tr-osdcp.qunarzz.com/tr_osd_tr_hy/tr-osd-tr-mapi-img_5aba5313b3ad229c0e9bfd97ad1e013f.jpg_160x120x95_cfd1670d.jpg,9745,0,0,0,0,https://travel.qunar.com/travelbook/note/7875125,共1天
旅行的意义,喵星人要出游,途经：广州>珠海,行程：北京路步行街>越秀公园>望谷温泉度假村>广州塔>珠江>永庆坊>上下九步行街>陈家祠...,2024-11-14 出发,共7天,None,人均7000元,78张照片,回到酒店取上行李，预定好来送机的车也正好来了，酒店经理和前台小姐姐们一起送我们上车，仿佛送远行的家人，特别温暖，再强推一次这家酒店——美豪丽致酒店（拱北口岸富华里店），不是广告，真的是我们住的感觉挺好，性价比很高，推荐给大家！,https://tr-osdcp.qunarzz.com/tr_osd_tr_hy/tr-osd-tr-space-img_48736da7c6876d2b8c4e890f79e04090.jpg_160x120x95_1887b113.jpg,9860,0,0,0,0,https://travel.qunar.com/travelbook/note/7875098,共7天
吉隆坡及周边5天4夜 马来西亚的夏天永不停歇,请叫我安大侠,暂无数据,暂无数据,2024-12-05 出发,共5天,深度游 美食 短途周末 夏季,人均5000元,135张照片,顶丰潮州豆花 怡宝的甜豆花很出名，这家店的冰豆浆、放满椰糖芋圆黑糯米对招牌豆花真的好吃爆炸即化，豆花配糖浆，嫩嫩滑滑非常解腻。除了这家还推荐——奇峰豆腐花、黎记怡保豆腐花、靓妈豆腐花、怡保豆霸、旺记祖传豆腐花,https://tr-osdcp.qunarzz.com/tr_osd_tr_hy/tr-osd-tr-space-img_5f74e4b9b234583c1559bcc298297dff.jpg_160x120x95_ba48138a.jpg,9611,0,0,0,0,https://travel.qunar.com/travelbook/note/7874975,共5天
豌豆小朋友港珠广8日亲子游,豌豆麻麻乐一,途经：香港>深圳>珠海>广州,行程：游乐场>皇朝商务酒店(深圳福田口岸店)>福田口岸>星光大道>天星码头>太平山獅子亭...,2024-11-23 出发,共8天,圣诞 探险 第一次,人均8000元,73张照片,经济实惠的早班机，还可以看看日出！！！选左侧的位置，景色不错呢～～,https://tr-osdcp.qunarzz.com/tr_osd_tr_hy/tr-osd-tr-mapi-img_3ffec27a2aa4fbc57e2f2bb313953f1c.jpg_160x120x95_140819a7.jpg,9782,0,0,0,0,https://travel.qunar.com/travelbook/note/7874799,共8天
乌兰察布,爱独行的女子,途经：乌兰察布>怀来,行程：乌兰察布博物馆>鸡鸣驿古城,2024-11-15 出发,共4天,None,None,145张照片,经济实惠的早班机，还可以看看日出！！！选左侧的位置，景色不错呢～～,https://tr-osdcp.qunarzz.com/tr_osd_tr_hy/tr-osd-tr-mapi-img_99a93c2f0760c421f8610fabbbdd81a6.jpg_160x120x95_2c86fbae.jpg,9949,0,0,0,0,https://travel.qunar.com/travelbook/note/7874513,共4天
当累了的时候 走！让我们放轻松去……,行者Terry,途经：上海>温州>平阳>瑞安,行程：Shanghai Pass>陆家嘴>上海文化广场>瓯江>外滩>巨片电影酒店(平阳鳌江新河南路店)...,2024-09-02 出发,共5天,深度游 美食 摄影 夏季 探险,人均2320元,382张照片,平阳进、瑞安出、两城一岛的旅行结束了！码完本文，等于又重新游了一遍。O(∩_∩)O哈哈~,https://tr-osdcp.qunarzz.com/tr_osd_tr_hy/tr-osd-tr-space-img_74c874c53ecf8377af7a29b641fc4469.jpg_160x120x95_6e62f3ea.jpg,8400,0,0,0,0,https://travel.qunar.com/travelbook/note/7873615,共5天
环西藏自驾游记——45天11700公里（318进317出）,aarontao,途经：上海>意大利(圣克罗切－卡梅里纳Santa Croce Camerina),行程：上海文化广场>闵行文化公园>Shanghai Pass,2024-09-11 出发,共45天,深度游 自驾 中秋节 国庆,人均15000元,150张照片,从南京出发再回到南京共花销约15000元。其中，燃油费+保养修车+高速费共约9000元，食宿+景区门票共约6000元。,https://tr-osdcp.qunarzz.com/tr_osd_tr_hy/tr-osd-tr-space-img_09e8e539b6042a4ba2ab40e43d1b6abb.jpg_160x120x95_2b37df3b.jpg,1.1万,0,0,0,0,https://travel.qunar.com/travelbook/note/7873559,共45天
”宁.静“景德镇两天一晚的快乐之旅,carol-静,途经：景德镇,行程：陶溪川国贸饭店>景德镇中国陶瓷博物馆>御窑厂国家考古遗址公园>陶溪川文创街区>陶溪...,2024-11-16 出发,共2天,美食 赏秋,人均900元,114张照片,,https://tr-osdcp.qunarzz.com/tr_osd_tr_hy/tr-osd-tr-space-img_40fb1be5c9b5eca951237aa8911ae663.jpg_160x120x95_9fe6bc37.jpg,1.2万,0,0,0,0,https://travel.qunar.com/travelbook/note/7873530,共2天
太原晋中四日行,zzh0828,途经：太原>平遥>晋中,行程：山西青铜博物馆>镇国寺>双林寺>平遥古城>城隍庙>晋商博物院,2024-11-17 出发,共1天,None,None,462张照片,,https://tr-osdcp.qunarzz.com/tr_osd_tr_hy/tr-osd-tr-space-img_2de2a6484276651ce1196e5f8d97190a.jpg_160x120x95_8cf531c3.jpg,6845,0,0,0,0,https://travel.qunar.com/travelbook/note/7873466,共1天
重庆～与你再次相约,auxt7729,途经：重庆,行程：重庆十八梯传统风貌区>长江索道>二厂文创公园,2024-10-26 出发,共6天,None,None,73张照片,,https://tr-osdcp.qunarzz.com/tr_osd_tr_hy/tr-osd-tr-mapi-img_761288f484befc3cf3c8536b392c7f76.jpg_160x120x95_2772cfd3.jpg,3672,0,0,0,0,https://travel.qunar.com/travelbook/note/7872981,共6天
处州与泰顺的廊桥之旅,去哪儿用户,途经：泰顺>丽水,行程：泰顺廊桥>玉龙山氡泉度假村>北涧桥,2024-10-09 出发,共12天,深度游 自驾,人均3500元,524张照片,,https://tr-osdcp.qunarzz.com/tr_osd_tr_hy/tr-osd-tr-space-img_ced47b42c1a3a58ba7f976888c24cfd9.jpg_160x120x95_3e5cd72c.jpg,8220,0,0,0,0,https://travel.qunar.com/travelbook/note/7872626,共12天
神秘三星堆和神奇的九寨,票子许,暂无数据,暂无数据,2024-10-19 出发,共4天,None,None,165张照片,在之前研究行程的时候，有个叫松潘古城的地方挺吸引我的，于是决定去那玩一天，也免去从九寨回成都太晚太累。松潘古城始建于唐，迄今有一千余年历史，历史上是古代的军事重镇，海拔2850米。,https://tr-osdcp.qunarzz.com/tr_osd_tr_hy/tr-osd-tr-space-img_b3f84bcb897b2dcc929f0d06729f9768.jpg_160x120x95_ad397a46.jpg,4259,0,0,0,0,https://travel.qunar.com/travelbook/note/7872417,共4天
去东马上山入海（春节的澳门、沙巴、香港之旅）,Luluna,途经：澳门Macau>马来西亚(仙本那Semporna),行程：金莲花广场>大炮台>关前正街>大三巴牌坊>玫瑰圣母堂>议事亭前地>澳门伦敦人度假区,2024-02-07 出发,共10天,美食 潜水 登山 徒步 春节,None,146张照片,,https://tr-osdcp.qunarzz.com/tr_osd_tr_hy/tr-osd-tr-space-img_620ab0af4d99a6c467c8ba8f175f7449.jpg_160x120x95_7ccb8f12.jpg,8976,0,0,0,0,https://travel.qunar.com/travelbook/note/7871914,共10天
潮州2天1夜平民党自驾游,佑仔大E了,途经：潮州,行程：潮州西湖,2024-10-29 出发,共2天,自驾 短途周末 摄影 赏秋,人均600元,11张照片,,https://tr-osdcp.qunarzz.com/tr_osd_tr_hy/tr-osd-tr-mapi-img_20dacd594128088aa8224c285c62dc1f.jpg_160x120x95_d8a64d9e.jpg,9487,0,0,0,0,https://travel.qunar.com/travelbook/note/7871883,共2天
欢乐长白山之旅,圈圈圆圆圈圈...,途经：抚松>安图,行程：第一>长白山天池>长白山万达国际度假区>汉拿山温泉>小沙河观景台>长白山西坡景区...,2024-10-22 出发,共5天,温泉,人均5000元,85张照片,,https://tr-osdcp.qunarzz.com/tr_osd_tr_hy/tr-osd-tr-mapi-img_d3cee75ad85fa6b17f154019d369dec9.jpg_160x120x95_aa71ac5b.jpg,7563,0,0,0,0,https://travel.qunar.com/travelbook/note/7871817,共5天
果冻海一眼万年！去过这里你可能再看不上别的地方了！,暴走姐妹花,暂无数据,暂无数据,2024-10-28 出发,共1天,None,None,103张照片,,https://tr-osdcp.qunarzz.com/tr_osd_tr_hy/tr-osd-tr-space-img_6f2605dd369eebcc80a43c0a71284637.jpg_160x120x95_11056139.jpg,8119,0,0,0,0,https://travel.qunar.com/travelbook/note/7871750,共1天
在“世界屋脊”驰骋，八千里路措和岳,小猪xxhh,暂无数据,暂无数据,2024-09-13 出发,共9天,环游 自驾 中秋节 赏秋 徒步 第一次,人均7400元,704张照片,从西藏回来后的很长一段时间，我出现了严重的戒断反应，家人笑称我“中了西藏的毒”。具体表现就是不由自主地会去短视频平台关注行程中那些景点的近况，什么珠峰下雪了、羊湖收费了、天湖关闭了、南峰露脸了……只要是诸如此类的内容都乐此不疲。本来以为只有我一个人出现了这些症状，结果一打听，才发现同行的小伙伴都有类似的情况。至此我明白了，对于去过西藏一次的人，从现在起将是魂牵梦绕的又一个轮回。阿里大环线，等着我！,https://tr-osdcp.qunarzz.com/tr_osd_tr_hy/tr-osd-tr-space-img_efd86ef5cf81da8a5d569abe08d3e916.jpg_160x120x95_7392956b.jpg,6962,0,0,0,0,https://travel.qunar.com/travelbook/note/7871723,共9天
庐山——只缘身在此山中,夏扬泩,途经：庐山市,行程：庐山风景名胜区>芦林湖>如琴湖>小天池>美庐别墅>庐山博物馆>龙首崖>望江亭>含鄱...,2024-09-30 出发,共3天,第一次,人均500元,91张照片,从庐山回来已一月之久，却总还是会心心念念。在这里，我见证了云雾缭绕的仙境，领略了瀑布飞流直下的壮观，感受了绿意盎然的生机。每处风景都在诉说着历史的沧桑与变迁。期待下一次与庐山的邂逅，愿那时，我们都能遇见更好的自己。,https://tr-osdcp.qunarzz.com/tr_osd_tr_hy/tr-osd-tr-space-img_28b51ced8f3d7ca988e38794a1047fd3.jpg_160x120x95_9803fba9.jpg,6539,0,0,0,0,https://travel.qunar.com/travelbook/note/7871708,共3天
三进秦岭，只为这个秋,时光画师Lee,途经：汉中>宝鸡,行程：兴汉胜境>汉文化博览园>秦岭>留坝老街>法门寺博物馆>中华石鼓园,2024-10-26 出发,共10天,深度游,人均5000元,134张照片,从庐山回来已一月之久，却总还是会心心念念。在这里，我见证了云雾缭绕的仙境，领略了瀑布飞流直下的壮观，感受了绿意盎然的生机。每处风景都在诉说着历史的沧桑与变迁。期待下一次与庐山的邂逅，愿那时，我们都能遇见更好的自己。,https://tr-osdcp.qunarzz.com/tr_osd_tr_hy/tr-osd-tr-mapi-img_0bf7c4fe71314b9573b6723cc48bb0b8.jpg_160x120x95_0eea5aa0.jpg,4238,0,0,0,0,https://travel.qunar.com/travelbook/note/7871645,共10天
新疆自驾游8天（乌鲁木齐-喀什地区-阿克苏）,dlgz0176,暂无数据,暂无数据,2024-10-16 出发,共8天,自驾 国庆 第一次,人均5000元,267张照片,新疆很多东西都可以邮寄回来，像葡萄树、正飞这么大品牌都是包邮的，就不用自己扛回来了。买干果的时候和老板谈谈价格，看看能不能给个包邮价。糕点这些，问了一家快递比较贵，20元/斤，寄顺丰，不合算，我就扛了一些回来，但是过安检容易碎。,https://tr-osdcp.qunarzz.com/tr_osd_tr_hy/tr-osd-tr-mapi-img_d2dab6de2396123193fa82d5f4af924c.jpg_160x120x95_b7204f98.jpg,5056,0,0,0,0,https://travel.qunar.com/travelbook/note/7871636,共8天
瑞士深度自助游攻略：火车畅行阿尔卑斯，轻松打卡经典与秘境,暴走姐妹花,暂无数据,暂无数据,2024-08-18 出发,共10天,漫游 探险,None,157张照片,,https://tr-osdcp.qunarzz.com/tr_osd_tr_hy/tr-osd-tr-space-img_564cced38693a6711a1afe4c0bdb6597.jpg_160x120x95_610a63d5.jpg,6933,0,0,0,0,https://travel.qunar.com/travelbook/note/7871572,共10天
六日大阪自由行,fatfishvicky,途经：日本(大阪Osaka),行程：通天阁,2024-10-25 出发,共1天,购物,None,199张照片,,https://tr-osdcp.qunarzz.com/tr_osd_tr_hy/tr-osd-tr-space-img_c97f664111049a0d8198ed035d1a77f0.jpg_160x120x95_be56164b.jpg,3384,0,0,0,0,https://travel.qunar.com/travelbook/note/7871571,共1天
天上瑶池 人间九寨🌊➕文物不言 自有春秋🙈——(九寨沟+三星堆),candy爱旅行,途经：九寨沟>阿坝>宁波,行程：九寨沟风景区>九寨沟沟口>汉庭(九寨沟店)>镜海>树正寨>诺日朗瀑布>熊猫海>犀牛海...,2024-10-19 出发,共3天,短途周末 赏秋,人均2000元,36张照片,一切文案 都不及亲眼所见,https://tr-osdcp.qunarzz.com/tr_osd_tr_hy/tr-osd-tr-mapi-img_af3f76908f1ef80af739c18cd1c9614a.jpg_160x120x95_780eb00b.jpg,8710,0,0,0,0,https://travel.qunar.com/travelbook/note/7871161,共3天
漳州，龙海，福州6日自由行,carol-静,途经：漳州>福州,行程：中山公园>漳州古城>福州世茂洲际酒店>三坊七巷>小黄楼>林则徐纪念馆>南后街>烟台...,2024-10-11 出发,共6天,深度游 漫游,人均7000元,200张照片,,https://tr-osdcp.qunarzz.com/tr_osd_tr_hy/tr-osd-tr-space-img_41ff2fb422718e6938af5be496011324.jpg_160x120x95_ed68448c.jpg,1.1万,0,0,0,0,https://travel.qunar.com/travelbook/note/7871135,共6天
从上海摩登都市到姑苏诗意栖息地（2024.10.3-8）,sanmeib,途经：苏州>上海>昆山,行程：苏州站>山塘街>住宿>上海站>人民广场>上海虹桥站>外滩>虎丘山风景名胜区>虹桥国...,2024-10-03 出发,共6天,深度游 美食 古镇 徒步 国庆,人均2800元,754张照片,思陆亭的设计十分讲究，檐下设2字纹挂落，坐槛上设鹅颈靠，左右两边亭柱上悬挂一副对联：“湖上风光四季好，书中佳句繁星多”，体现了读书养性、玩景怡情的文化氛围。思陆亭不仅是可园的一个标志性景观，也是苏州古典园林中书院园林文化的体现之一。,https://tr-osdcp.qunarzz.com/tr_osd_tr_hy/tr-osd-tr-mapi-img_12121f0c58f32149604041335dda490a.jpg_160x120x95_d3b354dc.jpg,4998,0,0,0,0,https://travel.qunar.com/travelbook/note/7870268,共6天
【湖南】五天两城，收获湘北（公交游记攻略）,太空精灵儿,途经：长沙>岳阳,行程：岳麓山>岳阳楼>太平老街>岳麓书院>古麓山寺>五一广场>湖南博物院>白沙古井>巴陵...,2024-09-21 出发,共6天,深度游 漫游 美食 夏季,人均1800元,279张照片,思陆亭的设计十分讲究，檐下设2字纹挂落，坐槛上设鹅颈靠，左右两边亭柱上悬挂一副对联：“湖上风光四季好，书中佳句繁星多”，体现了读书养性、玩景怡情的文化氛围。思陆亭不仅是可园的一个标志性景观，也是苏州古典园林中书院园林文化的体现之一。,https://tr-osdcp.qunarzz.com/tr_osd_tr_hy/tr-osd-tr-space-img_19620a935a211f816e702ad410c65bfa.jpg_160x120x95_5bc49970.jpg,1.2万,0,0,0,0,https://travel.qunar.com/travelbook/note/7870265,共6天
【湖南】雾漫小东江，丹霞高椅岭｜惦记多年，夏末相见（公交游记攻略）,太空精灵儿,途经：郴州>衡阳,行程：雾漫小东江>苏仙岭>东洲岛>衡阳站>天王殿>大雄宝殿>高椅岭旅游区,2024-09-16 出发,共6天,深度游 夏季,人均1800元,136张照片,思陆亭的设计十分讲究，檐下设2字纹挂落，坐槛上设鹅颈靠，左右两边亭柱上悬挂一副对联：“湖上风光四季好，书中佳句繁星多”，体现了读书养性、玩景怡情的文化氛围。思陆亭不仅是可园的一个标志性景观，也是苏州古典园林中书院园林文化的体现之一。,https://tr-osdcp.qunarzz.com/tr_osd_tr_hy/tr-osd-tr-space-img_bc483e9fff37d38554431c8817af86f7.jpg_160x120x95_003b3de0.jpg,1.2万,0,0,0,0,https://travel.qunar.com/travelbook/note/7870199,共6天
西安特种兵自由行,TiTi,途经：西安>长春,行程：洒金桥>西安城墙>大雁塔>华清宫>秦始皇帝陵博物院(兵马俑)>骊山>《驼铃传奇》秀...,2024-10-01 出发,共6天,国庆 第一次,None,35张照片,,https://tr-osdcp.qunarzz.com/tr_osd_tr_hy/tr-osd-tr-space-img_7c82e2cfd692f71f44ed5fb3a3957cb0.jpg_160x120x95_012b5aa8.jpg,9257,0,0,0,0,https://travel.qunar.com/travelbook/note/7870192,共6天
成都七日游，巴适得很,上善若水宁静...,途经：九寨沟>成都,行程：原始森林>武侯祠>宽窄巷子>锦里古街>春熙路>杜甫草堂,2024-08-18 出发,共7天,深度游 购物 美食 暑假,人均8000元,224张照片,,https://tr-osdcp.qunarzz.com/tr_osd_tr_hy/tr-osd-tr-space-img_04907bef1e88b7370261e15c618fbece.jpeg_160x120x95_8e486908.jpeg,1万,0,0,0,0,https://travel.qunar.com/travelbook/note/7870186,共7天
嘞个是重庆？？嘞个又不是重庆!!！,顺叔叔,途经：重庆,行程：千厮门大桥>洪崖洞>武隆天生三桥>仙女山国家森林公园>仙女山镇>龚滩古镇乌江画廊...,2024-09-15 出发,共8天,深度游 古镇 自驾 中秋节,人均4000元,187张照片,,https://tr-osdcp.qunarzz.com/tr_osd_tr_hy/tr-osd-tr-space-img_125826343ebe5453eec0821df261cd88.jpg_160x120x95_73284c6c.jpg,8841,0,0,0,0,https://travel.qunar.com/travelbook/note/7870007,共8天
惠州-揭西棉湖三天两晚亲子行,向上-阳光,途经：惠州>揭西,行程：水东街>惠州西湖>红花湖,2024-10-04 出发,共3天,自驾 国庆,人均500元,171张照片,逛完解放路11点多，打卡网上推荐的特色点。桐坑粿条来揭西揭阳吃，都是地道的。这家本地人吃的很多，味道也确实不错，所以推荐给大家。,https://tr-osdcp.qunarzz.com/tr_osd_tr_hy/tr-osd-tr-mapi-img_b30c282c24119c7c1d09dd9d0453cec3.jpg_160x120x95_4445a783.jpg,6131,0,0,0,0,https://travel.qunar.com/travelbook/note/7869868,共3天
2日游,小凯爱旅行,途经：深圳>重庆,行程：深圳机场站>洪崖洞民俗风貌区>解放碑步行街>长江索道>磁器口古镇,2024-09-17 出发,共2天,None,人均600元,15张照片,这次从深圳到重庆的两日游，就像一场紧凑而又精彩纷呈的梦幻之旅。,https://tr-osdcp.qunarzz.com/tr_osd_tr_hy/tr-osd-tr-mapi-img_746da6622e67bcd82f7ee4ee787df382.jpg_160x120x95_ed3b28a1.jpg,8968,0,0,0,0,https://travel.qunar.com/travelbook/note/7869465,共2天
北京4日游,时光画师Lee,途经：北京,行程：前门大街,2024-09-25 出发,共4天,None,人均1200元,86张照片,这次从深圳到重庆的两日游，就像一场紧凑而又精彩纷呈的梦幻之旅。,https://tr-osdcp.qunarzz.com/tr_osd_tr_hy/tr-osd-tr-mapi-img_2e65cb7755f83e53e57e8ca0ed81a1a5.jpg_160x120x95_e25c1b1e.jpg,1.1万,0,0,0,0,https://travel.qunar.com/travelbook/note/7869429,共4天
2024新疆(北疆)行,打卡中国走遍,暂无数据,暂无数据,2024-09-23 出发,共8天,None,None,437张照片,这次从深圳到重庆的两日游，就像一场紧凑而又精彩纷呈的梦幻之旅。,https://tr-osdcp.qunarzz.com/tr_osd_tr_hy/tr-osd-tr-mapi-img_85fac9ace9fbcd116424fa23cc3e3afe.jpg_160x120x95_c7f148df.jpg,8286,0,0,0,0,https://travel.qunar.com/travelbook/note/7869298,共8天
2024新疆(北疆)行,打卡中国走遍,暂无数据,暂无数据,2024-09-19 出发,共8天,None,None,410张照片,这次从深圳到重庆的两日游，就像一场紧凑而又精彩纷呈的梦幻之旅。,https://tr-osdcp.qunarzz.com/tr_osd_tr_hy/tr-osd-tr-mapi-img_85fac9ace9fbcd116424fa23cc3e3afe.jpg_160x120x95_c7f148df.jpg,9491,0,0,0,0,https://travel.qunar.com/travelbook/note/7869290,共8天
日本东北线伊豆、仙台、久慈、青森、东京7日游,the_jacy,途经：日本(伊东市Ito 东京Tokyo 热海 仙台Sendai 八户市Hachinohe 久慈市Kuji 青森市Aomori...,行程：城崎海岸>羽田机场>热海站>热海阳光海滩>伊豆高原>大室山>Omuro Highlands>仙台...,2024-09-16 出发,共7天,美食 中秋节 第一次,人均8000元,219张照片,这次从深圳到重庆的两日游，就像一场紧凑而又精彩纷呈的梦幻之旅。,https://tr-osdcp.qunarzz.com/tr_osd_tr_hy/tr-osd-tr-mapi-img_434394088340dff5950cc10c15e39c9f.jpg_160x120x95_7b16a439.jpg,1.1万,0,0,0,0,https://travel.qunar.com/travelbook/note/7869144,共7天
梦里能到达的地方，我相信脚步也能到达&一个人的西藏之旅,eqgv7345,途经：拉萨>东莞,行程：布达拉宫>大昭寺>八廓街>住宿>小昭寺>西藏博物馆>《文成公主》大型史诗剧,2024-09-15 出发,共11天,第一次,人均7500元,108张照片,到这里，此次旅行全部结束了，我的第一次一个人旅行，怎么说呢，没有想象中孤单或是什么其他的负面情绪，反而觉得一个人旅行也有独特的感受，并且是积极向上的体验，除了看景之外，更多的是放空自己，看自己想看的景，听自己想听的历史，走自己想走的路，不必在意别人的感受，都说勇敢的人先享受世界，我希望我成为一个勇敢的自己，不仅先享受世界，还能打破舒适圈，让自己永远在路上。加油，期待下一个更好的自己！,https://tr-osdcp.qunarzz.com/tr_osd_tr_hy/tr-osd-tr-mapi-img_ffac4f7efe9247f80ed8ad734ebcaa08.jpg_160x120x95_a4ff83d2.jpg,2984,0,0,0,0,https://travel.qunar.com/travelbook/note/7869066,共11天
包头～九寨沟,陌生人,途经：包头>九寨沟,行程：包头博物馆>机柯队长元宇宙9D影院科技馆(吾悦广场店),2024-09-27 出发,共15天,自驾 国庆,人均3000元,97张照片,9月30日（第四天）,https://tr-osdcp.qunarzz.com/tr_osd_tr_hy/tr-osd-tr-mapi-img_283c076b75bbd50f4812ecfd4886d5aa.jpg_160x120x95_bf2922b3.jpg,6864,0,0,0,0,https://travel.qunar.com/travelbook/note/7869030,共15天
夏末的北疆之旅（续）,jswl9366,途经：伊犁>博乐>霍城>伊宁,行程：六星街>赛里木湖>果子沟>果子沟大桥>昭润大酒店>伊宁机场,2024-09-24 出发,共8天,暑假 夏季 第一次,人均10000元,128张照片,最后，附上我们此次的行程：,https://tr-osdcp.qunarzz.com/tr_osd_tr_hy/tr-osd-tr-space-img_42998ec015bcc91929981c7124321da9.jpg_160x120x95_de022597.jpg,4691,0,0,0,0,https://travel.qunar.com/travelbook/note/7868907,共8天
洛阳勇闯神都，我却忙里偷闲了~,赵小奔,途经：洛阳,行程：洛阳博物馆>龙门石窟>洛阳古墓博物馆>洛邑古城>寻迹洛神赋>应天门>香山寺>东山石...,2024-09-19 出发,共3天,短途周末,人均2500元,209张照片,三天的洛阳之旅令人难忘。观看《寻迹洛神赋》，感受华夏文明；逛洛阳博物馆，领略历史底蕴；探访隋唐大运河博物馆和山陕会馆；在洛邑古城体验古城韵味；步行经过十字街、丽景门到应天门；发现洛阳大河荟，感受河洛文化；最后去古墓博物馆，感受神秘魅力。洛阳的历史遗迹、文化底蕴和美食美景让我流连忘返，未来我定会三刷洛阳。,https://tr-osdcp.qunarzz.com/tr_osd_tr_hy/tr-osd-tr-mapi-img_81a15580eb869b7a9a52583f0d940ff9.jpg_160x120x95_9cf383c8.jpg,1.1万,0,0,0,0,https://travel.qunar.com/travelbook/note/7868516,共3天
上海金山值得打卡的4️⃣家高性价比餐厅🍴,yusyu回忆录,途经：上海>美国(海金Hygiene),行程：枫泾古镇,2024-09-21 出发,共2天,美食 短途周末,人均200元,5张照片,上海金山值得打卡的4️⃣家高性价比餐厅🍴,https://tr-osdcp.qunarzz.com/tr_osd_tr_hy/tr-osd-tr-mapi-img_61b2222eb3dd2793c18235c0e9137647.jpg_160x120x95_24ed2257.jpg,1.3万,0,0,0,0,https://travel.qunar.com/travelbook/note/7868322,共2天
秦皇岛、北戴河、坝上草原,时光画师Lee,途经：秦皇岛>遵化,行程：天下第一关>山海关>南戴河>北戴河>老龙头>清东陵>孝陵石像生>慈禧陵明楼>鸽子窝,2024-09-19 出发,共8天,None,人均4000元,118张照片,,https://tr-osdcp.qunarzz.com/tr_osd_tr_hy/tr-osd-tr-mapi-img_fd3a83b8cd70a47c3dfa5bd1288a46ae.jpg_160x120x95_9adee732.jpg,9031,0,0,0,0,https://travel.qunar.com/travelbook/note/7868167,共8天
去感受多元文化，澳门city walk全攻略,贺贺-贺小唏,途经：澳门Macau,行程：金莲花广场>澳门文化中心>澳门大赛车博物馆>官也街>十月初五马路>澳门渔人码头...,2024-09-17 出发,共5天,深度游 环游 美食,人均4000元,203张照片,,https://tr-osdcp.qunarzz.com/tr_osd_tr_hy/tr-osd-tr-space-img_baee11b71b0fbd97c39ac4747b5478f4.jpg_160x120x95_6f2219d7.jpg,4.8万,0,0,0,0,https://travel.qunar.com/travelbook/note/7867753,共5天
云南打卡多肉/司藤,去哪儿用户,暂无数据,暂无数据,2024-09-11 出发,共6天,深度游 古镇 中秋节 徒步,人均4000元,427张照片,自己在去哪儿买的往返丽江机票，提交定制方案，和旅行社敲定最终行程和费用，酒店自定，景点门票+交通人均1655,https://tr-osdcp.qunarzz.com/tr_osd_tr_hy/tr-osd-tr-mapi-img_24b50ebef469eb5c3b8247027a1f797a.jpg_160x120x95_667ee329.jpg,9730,0,0,0,0,https://travel.qunar.com/travelbook/note/7867704,共6天
去北疆看大美河山,爱独行的女子,暂无数据,暂无数据,2024-08-23 出发,共11天,None,None,376张照片,至此，11天的行程就结束了。,https://tr-osdcp.qunarzz.com/tr_osd_tr_hy/tr-osd-tr-space-img_890b41c0c05f6058bb4389c64fdefbac.jpg_160x120x95_7c5d3eee.jpg,6862,0,0,0,0,https://travel.qunar.com/travelbook/note/7867657,共11天
烟雨西夏，沙漠绿洲（西夏王陵～沙坡头3日游）,黑咖love,途经：银川>中卫,行程：西夏陵>览山公园>沙坡头旅游景区时空之门>沙坡头,2024-09-15 出发,共3天,None,人均1500元,126张照片,坐了才知道，羊皮筏子没有动力，基本都是顺流而下，坐着腿脚也很不舒服，天热的时候估计还会有异味，顺流到水中央的时候，摇撸师傅唱起来的小曲倒是别有一番风味，正好调剂一下这枯燥又短暂的硬座顺水漂筏子😬，不错不错应景～,https://tr-osdcp.qunarzz.com/tr_osd_tr_hy/tr-osd-tr-mapi-img_d6c2f2e714026efa1dee186394d6f76a.jpg_160x120x95_a1a12843.jpg,3612,0,0,0,0,https://travel.qunar.com/travelbook/note/7867634,共3天
恩施+重庆9日游，与好友共同体验秋日的灿烂,雪猪猪,途经：恩施市Enshishi>宣恩>恩施>恩施大峡谷Enshi Grand Canyon,行程：七星寨景区>文澜桥>恩施大峡谷>云龙地缝>磨子沟>恩施梭布垭石林景区>莲花寨>九龙...,2024-08-31 出发,共9天,自驾 赏秋,人均5000元,439张照片,此次的核心旅游还是围绕恩施展开,https://tr-osdcp.qunarzz.com/tr_osd_tr_hy/tr-osd-tr-mapi-img_b14bd677154447e8695e33165712b252.jpg_160x120x95_cd4da394.jpg,1万,0,0,0,0,https://travel.qunar.com/travelbook/note/7867121,共9天
贵州、长沙7日穿越之旅,苏犁,途经：贵阳>江口>长沙>镇宁>荔波,行程：甲秀楼>梵净山>贵阳站>橘子洲>黄果树客运站>岳麓山>黄果树瀑布>白宫>湖南大学...,2024-08-02 出发,共7天,美食 暑假 登山 第一次,人均3300元,455张照片,长沙像个火炉，热得实在吃不消了，查了一下武汉的天气预报，果断放弃武汉。来时说来就来，走时也是这么任性。,https://tr-osdcp.qunarzz.com/tr_osd_tr_hy/tr-osd-tr-mapi-img_08113449bc672c70cd31900809e4500c.jpg_160x120x95_f81f8938.jpg,8856,0,0,0,0,https://travel.qunar.com/travelbook/note/7866983,共7天
夏末的北疆之旅,jswl9366,暂无数据,暂无数据,2024-08-24 出发,共8天,夏季 第一次,人均10000元,114张照片,未完待续。。。,https://tr-osdcp.qunarzz.com/tr_osd_tr_hy/tr-osd-tr-space-img_1df42b245b4667815091a37417349d27.jpg_160x120x95_399643b5.jpg,5189,0,0,0,0,https://travel.qunar.com/travelbook/note/7866817,共8天
美轮美奂的视觉盛宴-318 自驾之旅,Will_Yu,途经：拉萨,行程：布达拉宫>西藏博物馆>八廓街>药王山>大昭寺,2024-08-20 出发,共14天,自驾 夏季,人均7500元,293张照片,未完待续。。。,https://tr-osdcp.qunarzz.com/tr_osd_tr_hy/tr-osd-tr-space-img_67a5465eb2ad65a318ee5e15fe365b68.jpg_160x120x95_e5217630.jpg,9216,0,0,0,0,https://travel.qunar.com/travelbook/note/7866604,共14天
酷暑游汕头,罗拉小胖,途经：南澳>汕头,行程：南澳岛>汕头站>中山公园>汕头市博物馆>人民广场>观海长廊>礐石风景区>青澳湾...,2024-08-01 出发,共4天,美食 海滨海岛 暑假 夏季 第一次,人均3800元,140张照片,,https://tr-osdcp.qunarzz.com/tr_osd_tr_hy/tr-osd-tr-space-img_db34716ddeb0b61809af2d2547cbfbf7.jpg_160x120x95_c3b75fba.jpg,2802,0,0,0,0,https://travel.qunar.com/travelbook/note/7866512,共4天
泰国华欣八天七晚度假全记录--纯休闲度假风,nmtr0558,途经：重庆>西安>泰国(曼谷Bangkok),行程：洲际酒店>泽胜温泉城>迷人,2024-08-20 出发,共8天,深度游 美食 海滨海岛 暑假,人均5000元,343张照片,,https://tr-osdcp.qunarzz.com/tr_osd_tr_hy/tr-osd-tr-space-img_7fb1a7493e3793aa3c02b4b015e3bd9d.jpg_160x120x95_e714ec55.jpg,9832,0,0,0,0,https://travel.qunar.com/travelbook/note/7866390,共8天
暑期不踩雷不挤人雨林游,JasonCZZ,途经：保亭>屯昌>儋州,行程：七仙岭温泉国家森林公园>海南槟榔谷黎苗文化旅游区,2024-08-21 出发,共5天,温泉 自驾 暑假 徒步 探险,人均1000元,40张照片,至此，名山大川已拿下吊罗山、五指山、百花岭、霸王岭、俄贤（也叫娥仙）岭、七仙岭、尖峰岭，地方小峰则有火山口、文笔峰、白石岭、临春岭、莲花山。,https://tr-osdcp.qunarzz.com/tr_osd_tr_hy/tr-osd-tr-space-img_4045c33a76292802050fd76976c2b4c5.jpg_160x120x95_db4fd535.jpg,8345,0,0,0,0,https://travel.qunar.com/travelbook/note/7865961,共5天
六盘水，安顺，贵阳七日自由行,carol-静,途经：贵阳>六盘水>安顺,行程：甲秀楼>黔灵山公园>水城古镇>玉舍国家森林公园>野玉海山地旅游度假区>野玉海观光火...,2024-08-22 出发,共7天,深度游 美食 古镇 夏季,人均7000元,332张照片,至此，名山大川已拿下吊罗山、五指山、百花岭、霸王岭、俄贤（也叫娥仙）岭、七仙岭、尖峰岭，地方小峰则有火山口、文笔峰、白石岭、临春岭、莲花山。,https://tr-osdcp.qunarzz.com/tr_osd_tr_hy/tr-osd-tr-space-img_1ffe88a206af67ab7a73c9336d4ecc40.jpg_160x120x95_f2201b32.jpg,1.2万,0,0,0,0,https://travel.qunar.com/travelbook/note/7865919,共7天
太原-大同，历史之旅，紧凑的开车行程，精力充沛的来看~~~,猫成,途经：太原>大同,行程：武宿国际机场>晋祠博物馆>大同古城>华严寺>九龙壁>云冈石窟>大同金地豪生大酒店...,2024-08-12 出发,共7天,自驾 暑假 夏季,人均5000元,388张照片,从网红桥我们直接去的武宿机场，结束回家。,https://tr-osdcp.qunarzz.com/tr_osd_tr_hy/tr-osd-tr-space-img_57bcdeaa44dc994ba523404c11932501.jpg_160x120x95_29a1181c.jpg,4398,0,0,0,0,https://travel.qunar.com/travelbook/note/7865876,共7天
北上南下古城之旅(寿县-济南-天津-朝阳-滦州-聊城）,盖盖的游乐场,暂无数据,暂无数据,2024-06-29 出发,共12天,自驾 暑假,人均1900元,278张照片,聊城水上古城—东昌府,https://tr-osdcp.qunarzz.com/tr_osd_tr_hy/tr-osd-tr-mapi-img_cdefef83c0c18e1acb4443473fa1229a.jpg_160x120x95_a06204aa.jpg,9719,0,0,0,0,https://travel.qunar.com/travelbook/note/7865871,共12天
海口文昌～徐闻南极村7日游,帅戈,途经：湛江>文昌>海口>徐闻,行程：南极村>潭牛花海>高隆湾>南海渔家乐海滩露营地>椰林1号观景台>月亮湾海滩>淇水湾...,2024-08-04 出发,共7天,None,人均2670元,104张照片,聊城水上古城—东昌府,https://tr-osdcp.qunarzz.com/tr_osd_tr_hy/tr-osd-tr-mapi-img_05e0be2fc2260ffb29901bf6ba74471c.jpg_160x120x95_2694df74.jpg,2650,0,0,0,0,https://travel.qunar.com/travelbook/note/7865772,共7天
带着爸妈游新疆（下）,hj-999,途经：富蕴>乌鲁木齐,行程：可可托海景区>胡杨林>博格达峰>新疆国际大巴扎>新疆维吾尔自治区博物馆,2024-06-15 出发,共22天,深度游 自驾 夏季,人均8000元,552张照片,聊城水上古城—东昌府,https://tr-osdcp.qunarzz.com/tr_osd_tr_hy/tr-osd-tr-space-img_285e0b984804639a371fa665277c39a1.jpg_160x120x95_02cdb730.jpg,6005,0,0,0,0,https://travel.qunar.com/travelbook/note/7865540,共22天
枇杷季‖我们从西山岛走过……,行者Terry,暂无数据,暂无数据,2024-05-24 出发,共3天,深度游 环游 美食 自驾 短途周末 夏季,人均800元,188张照片,枇杷季，我们从西山岛走过，在我的旅行生涯中，又添了一段难忘的旅程。,https://tr-osdcp.qunarzz.com/tr_osd_tr_hy/tr-osd-tr-space-img_ceb5e7250f3cba4acc8c020d51450147.jpg_160x120x95_9eeab927.jpg,1.2万,0,0,0,0,https://travel.qunar.com/travelbook/note/7865049,共3天
周末吉林→通辽自驾游,han0810,暂无数据,暂无数据,2024-07-26 出发,共3天,美食 自驾 暑假 短途周末,人均1800元,5张照片,基本算没有行程，上午简单吃点东西，买点伴手礼，中午开始返程。,https://tr-osdcp.qunarzz.com/tr_osd_tr_hy/tr-osd-tr-mapi-img_360dd24dec90b758ce56702cd40b4c3d.jpg_160x120x95_3a2bb8ed.jpg,1.1万,0,0,0,0,https://travel.qunar.com/travelbook/note/7864869,共3天
青甘大环线-你值得拥有！,憨憨ybear,暂无数据,暂无数据,2024-08-02 出发,共11天,自驾 暑假,人均6171元,133张照片,一车三大两小，共计费用1.8万。不算小朋友，人均6171，算小朋友人均3702。（几乎包含所有费用）,https://tr-osdcp.qunarzz.com/tr_osd_tr_hy/tr-osd-tr-space-img_4044da4098bd9d78f34c72fb7ec7e899.jpg_160x120x95_775e1f83.jpg,1.1万,0,0,0,0,https://travel.qunar.com/travelbook/note/7864742,共11天
远方的呼唤——一场说走就走的旅行,chxmfshk,途经：拉萨,行程：布达拉宫>大昭寺>布达拉宫广场,2024-03-18 出发,共12天,自驾 踏春 第一次,人均10000元,320张照片,一车三大两小，共计费用1.8万。不算小朋友，人均6171，算小朋友人均3702。（几乎包含所有费用）,https://tr-osdcp.qunarzz.com/tr_osd_tr_hy/tr-osd-tr-space-img_f96eab426f2db1c9b78960326cc8712b.jpg_160x120x95_47f7ca5d.jpg,4664,0,0,0,0,https://travel.qunar.com/travelbook/note/7864710,共12天
新疆北疆、南阳游记,hjfn3698,暂无数据,暂无数据,2024-06-11 出发,共13天,环游 美食 夏季,人均12262元,613张照片,离开新疆的时间越来越久，对旅行中的细节也慢慢开始遗忘，曾经初见时的心潮澎湃，被眼前美景所惊艳，也随着时间渐渐淡去。因此我说服自己克服懒惰加快速度，把这一切都记录下来。不为别的，只希望自已再次回想起这次旅行的时候，依然能够感受曾经的那份激动。,https://tr-osdcp.qunarzz.com/tr_osd_tr_hy/tr-osd-tr-space-img_1439d677dce350b92235cea44a33311e.jpg_160x120x95_3c417bb0.jpg,9730,0,0,0,0,https://travel.qunar.com/travelbook/note/7864594,共13天
我在大同感受到了时间的魅力,karenluna在...,暂无数据,暂无数据,2024-08-02 出发,共3天,美食,人均1500元,184张照片,一直以为大同美食很贫瘠，没想到好吃的真不少！以后再来大同了不能再委屈自己的肚子啦～,https://tr-osdcp.qunarzz.com/tr_osd_tr_hy/tr-osd-tr-space-img_da06f482f97f5e8bc921de7290bd6576.jpg_160x120x95_39bfb85c.jpg,1万,0,0,0,0,https://travel.qunar.com/travelbook/note/7864368,共3天
带着爸妈游新疆（中篇）,hj-999,途经：库车>霍城,行程：库车王府>库车大寺>库车大峡谷国家地质公园>果子沟>果子沟大桥,2024-06-15 出发,共22天,None,人均8000元,1049张照片,客栈条件一般，而且没有空调，老爸很不适应，临时给爸妈换了酒店，我和老妹还是住在这里，行程过半了，希望接下来的旅程我们一路平安快乐！,https://tr-osdcp.qunarzz.com/tr_osd_tr_hy/tr-osd-tr-space-img_51236fb5857d23341fa23c5e6f1110e7.jpg_160x120x95_27f241c4.jpg,6289,0,0,0,0,https://travel.qunar.com/travelbook/note/7864315,共22天
桂林阳朔四日游超详细经验贴绝对真实感受（无广）！！！,胖胖的小仙女,途经：桂林>阳朔,行程：两江四湖景区>桂林站>漓江竹筏游>阳朔>十里画廊>《印象刘三姐》山水实景演出>如意...,2024-08-13 出发,共4天,美食 游轮 暑假 第一次,人均2000元,21张照片,,https://tr-osdcp.qunarzz.com/tr_osd_tr_hy/tr-osd-tr-space-img_0cbcfef18ad9354b78dd592f202724b3.jpg_160x120x95_b73c5d72.jpg,1万,0,0,0,0,https://travel.qunar.com/travelbook/note/7864037,共4天
神都洛阳4日游,去哪儿用户,途经：洛阳,行程：洛阳隋唐大运河文化博物馆>洛邑古城>丽景门景区>隋唐洛阳城应天门遗址>龙门石窟...,2024-08-08 出发,共4天,暑假 第一次,人均2300元,23张照片,,https://tr-osdcp.qunarzz.com/tr_osd_tr_hy/tr-osd-tr-mapi-img_e03abe4e01535b2015ba17d6be6983cd.jpg_160x120x95_67376589.jpg,6668,0,0,0,0,https://travel.qunar.com/travelbook/note/7863726,共4天
2024.08初识广州3日半,sunpark,途经：广州,行程：广州东站>广州花园酒店>广州圣心大教堂>珠江新城>广州大剧院>花城广场>正佳广场商...,2024-08-11 出发,共4天,暑假 短途周末,人均3000元,343张照片,,https://tr-osdcp.qunarzz.com/tr_osd_tr_hy/tr-osd-tr-space-img_5eec89cdd66e5452c261c74864e8de0b.jpg_160x120x95_0d631bbc.jpg,6725,0,0,0,0,https://travel.qunar.com/travelbook/note/7863685,共4天
品味川渝,半缘君002,途经：自贡>峨眉山>重庆>川渝地区Sichuan and Chongqing,行程：燊海井>金顶>峨眉山>李子坝轻轨站,2024-08-01 出发,共4天,美食 自驾 暑假 摄影,人均2000元,152张照片,,https://tr-osdcp.qunarzz.com/tr_osd_tr_hy/tr-osd-tr-mapi-img_f895c0f3cb73e84f250a8f5a28daeb2d.jpg_160x120x95_ab4b11fe.jpg,9503,0,0,0,0,https://travel.qunar.com/travelbook/note/7863444,共4天
台州旅行📍居山面海的肆意旅行🌊三天两晚🚗,少年鲍勃,途经：台州>临海>天台>温岭,行程：黄岩大瀑布>紫阳街>济公故居>国清景区>国清寺>天台山大瀑布>台州府城墙>东湖公园...,2024-08-09 出发,共3天,深度游 美食 自驾 暑假 夏季 第一次,人均1000元,72张照片,🚗这一次的自驾游旅行路线非常紧凑，大家可以根据体力做调整，天气炎热注意避暑，祝大家旅行愉快。我们一起出走山海，归来少年。,https://tr-osdcp.qunarzz.com/tr_osd_tr_hy/tr-osd-tr-mapi-img_a7dc1169efe17ca66bedd669fbbf2305.jpg_160x120x95_fb70ddc7.jpg,1.2万,0,0,0,0,https://travel.qunar.com/travelbook/note/7863355,共3天
2024年云南避署休闲游之大美泸沽湖,太空精灵儿,途经：宁蒗,行程：泸沽湖>格姆女神山>大落水村>里格半岛>里格岛>尼赛村,2024-07-16 出发,共10天,深度游 夏季,人均3000元,129张照片,,https://tr-osdcp.qunarzz.com/tr_osd_tr_hy/tr-osd-tr-space-img_4e11e7085067cc166d1dbdb315e6abfb.jpg_160x120x95_4edf9006.jpg,1万,0,0,0,0,https://travel.qunar.com/travelbook/note/7863338,共10天
自驾游‖繁花五月 我们在富春江畔的三天两夜,行者Terry,途经：桐庐>杭州>上海,行程：富春江>石舍村>芦茨村>白云源>严子陵钓台>老码头>竹园>龙眼>深澳村>天下第十九...,2024-05-18 出发,共3天,深度游 漫游 美食 自驾 短途周末 夏季,人均1000元,294张照片,富春江畔，我们的三天两夜，只游了富春江一角，期许有那么一天玩转整个富春江。,https://tr-osdcp.qunarzz.com/tr_osd_tr_hy/tr-osd-tr-space-img_79c678e28a757ed953a80ef521de7c68.jpg_160x120x95_024d28b8.jpg,1.2万,0,0,0,0,https://travel.qunar.com/travelbook/note/7863332,共3天
成都重庆暑期出游记,linsong7908,途经：重庆>成都,行程：白公馆>渣滓洞>重庆十八梯传统风貌区>十八梯>洪崖洞民俗风貌区>李子坝>山城步道...,2024-07-19 出发,共13天,古镇 自驾 暑假,None,194张照片,,https://tr-osdcp.qunarzz.com/tr_osd_tr_hy/tr-osd-tr-space-img_183878c6306ca8b3f1a982decf0e5ec0.jpg_160x120x95_a56eaaa4.jpg,9845,0,0,0,0,https://travel.qunar.com/travelbook/note/7863254,共13天
华山、老君山、大唐不夜城五日游,梦回桃花源,途经：西安>常德,行程：回民街>河街>大唐不夜城>大雁塔>西安钟楼>常德河街>柳叶湖旅游度假区,2024-08-03 出发,共5天,自驾 暑假 摄影 徒步,人均2600元,132张照片,,https://tr-osdcp.qunarzz.com/tr_osd_tr_hy/tr-osd-tr-mapi-img_fdd752cc78b07e6b978e7e8c353cd4cf.jpg_160x120x95_942e4224.jpg,9164,0,0,0,0,https://travel.qunar.com/travelbook/note/7863208,共5天
2024年云南避署休闲游之昆明-大理-丽江,太空精灵儿,途经：昆明,行程：云南大学>金马碧鸡坊>钱王街>昆明老街>黑龙潭公园>马家大院>抗战胜利纪念堂博物馆...,2024-07-03 出发,共13天,深度游 古镇 夏季,人均3800元,302张照片,,https://tr-osdcp.qunarzz.com/tr_osd_tr_hy/tr-osd-tr-space-img_7ff2ae50e92ffbf6fca7221150f8f214.jpg_160x120x95_d3822a4d.jpg,1.2万,0,0,0,0,https://travel.qunar.com/travelbook/note/7863150,共13天
带着爸妈游新疆（上篇）,hj-999,途经：哈密>吐鲁番,行程：大海道>哈密博物馆>火焰山景区>葡萄沟>吐鲁番博物馆>坎儿井民俗园>交河驿·坎儿井...,2024-06-15 出发,共22天,深度游 自驾 夏季,人均8000元,627张照片,这几天的行程老爸还是感觉有些吃力，长时间的坐车，腿脚都肿胀了，我们都很担心，希望后面能慢慢好起来！,https://tr-osdcp.qunarzz.com/tr_osd_tr_hy/tr-osd-tr-space-img_74211e8a71f32253a62a672c9549a45b.jpg_160x120x95_29c05cbb.jpg,4892,0,0,0,0,https://travel.qunar.com/travelbook/note/7862357,共22天
你与世界的距离，只差一场说走就走的旅行——新疆行,第五大道,暂无数据,暂无数据,2024-07-20 出发,共9天,自驾 暑假 摄影 第一次,人均9000元,201张照片,第九天（7月28日），这也是我们这次新疆行的最后一天了，跨越将近4000公里的追寻，只“维”遇见你，九天的新疆行就这样结束了，虽有不舍，但更多的是期待；新疆的美也真的会让每一个到来的人词穷！！！我们的运气也是爆棚的，没有遇到独库堵车、没有碰到雨天等极端天气，还预约上了超难预约的那拉提草原自驾票…………新疆，我们还会与你相见的，下次就是南疆喀什、白沙山、白沙湖、盘龙古道…………,https://tr-osdcp.qunarzz.com/tr_osd_tr_hy/tr-osd-tr-space-img_84c2b185613fb5355d6391b260fb741d.jpg_160x120x95_30f9bbd2.jpg,1.1万,0,0,0,0,https://travel.qunar.com/travelbook/note/7862341,共9天
曼谷·巡礼季：社畜撒欢不搬砖 追星打卡恰美食,马铃薯妹妹,途经：泰国(曼谷Bangkok),行程：唐人街>金山寺>吉姆·汤普森之家>曼谷艺术文化中心>湄南河>大皇宫>曼谷国家美术馆...,2023-10-21 出发,共7天,深度游 购物 美食 短途周末 摄影 探险 第一次,人均5000元,252张照片,都3202年了，我看看谁的伴手礼是不是还停留在榴莲干、芒果干上，这些网上下单，不比你人肉拎回来还便宜  ，看看本土优选吧,https://tr-osdcp.qunarzz.com/tr_osd_tr_hy/tr-osd-tr-space-img_57a08bd3fa71a03bc0bda8d85f3d6de0.jpg_160x120x95_b649d3d3.jpg,9577,0,0,0,0,https://travel.qunar.com/travelbook/note/7861990,共7天
川西游,mnzs,途经：成都>都江堰>九寨沟,行程：宽窄巷子>春熙路>青城山>青城后山>青城前山>九寨沟沟口>九寨沟风景区>成都大熊猫...,2024-07-17 出发,共10天,美食 自驾 暑假,人均6000元,99张照片,到郑州看到海昌海洋公园搞活动，大人小孩都是99一人，之前去上海的海昌一人要二百多呢，郑州这个新开业的还没来过，索性就去逛逛。快中午去的，人很多，上海那个特别之处应该是有虎鲸表演，郑州这个园区特别的应该就是有个摩天轮，坐一圈要20分钟，每个座舱里有单独的空调，就是排队人很多。也有个奥特曼场馆，真是太小了，感觉直接就是个卖奥特曼纪念品的。,https://tr-osdcp.qunarzz.com/tr_osd_tr_hy/tr-osd-tr-mapi-img_d9e07e1816b2d32ffcb434da5bd5537f.jpg_160x120x95_eb98e5ee.jpg,5457,0,0,0,0,https://travel.qunar.com/travelbook/note/7861638,共10天
我的自驾：小众大美----2024皖滇长线,有你才精彩,途经：昆明>安顺>都匀,行程：虎跳峡>云峰屯堡景区>天龙屯堡>天台山,2024-07-28 出发,共15天,古镇 自驾 暑假,None,816张照片,武汉-蚌埠495公里，在台风到来前顺利到家。,https://tr-osdcp.qunarzz.com/tr_osd_tr_hy/tr-osd-tr-space-img_9c4ae825f13b11558fa9293f68847b24.jpg_160x120x95_74340b70.jpg,9682,0,0,0,0,https://travel.qunar.com/travelbook/note/7861421,共15天
哈尔滨/延吉/长春 东北7天自由行,Joy妃,途经：哈尔滨>延吉>长春,行程：知音酒楼(花园店)>果戈里大街>松花江铁路桥>波特曼西餐厅(道里店)>哈尔滨博物馆...,2024-07-27 出发,共7天,深度游 环游 美食 暑假,None,151张照片,武汉-蚌埠495公里，在台风到来前顺利到家。,https://tr-osdcp.qunarzz.com/tr_osd_tr_hy/tr-osd-tr-mapi-img_301f8d3de441973d73957ff6d9aa1169.jpg_160x120x95_4a4f9653.jpg,1.1万,0,0,0,0,https://travel.qunar.com/travelbook/note/7861401,共7天
太原旅游，一定要来《西游记》的取景地——900余年历史的晋祠！,火星上的那片...,途经：太原,行程：晋祠博物馆>晋祠公园>晋祠胜境,2024-07-14 出发,共1天,暑假 短途周末,人均80元,72张照片,1.晋祠和天龙山现在是一家管理公司运营，南门出去的公交站有互通的公交车；,https://tr-osdcp.qunarzz.com/tr_osd_tr_hy/tr-osd-tr-space-img_2773b4717f6e9dc2f364943ed54ea7f6.jpg_160x120x95_cef63692.jpg,1.1万,0,0,0,0,https://travel.qunar.com/travelbook/note/7861301,共1天
烟台观海 自驾3天半 市区/养马岛/蓬莱,Joy妃,途经：烟台,行程：华茂饭店(桃花街店)>所城里>烟台山景区>养马岛>旺角小渔村·初家饭店(莱山店)>龙湖...,2024-07-23 出发,共5天,美食 海滨海岛 自驾 暑假 夏季,None,83张照片,也在蓬莱阁景区附近，一个购物广场 下面有超市，也有薛记炒货 DQ  莫酸奶 蓬莱的网红连锁店也挺多,https://tr-osdcp.qunarzz.com/tr_osd_tr_hy/tr-osd-tr-mapi-img_9ff98948d1b4c9d195aeb311fc494103.jpg_160x120x95_d622c8b9.jpg,8893,0,0,0,0,https://travel.qunar.com/travelbook/note/7861087,共5天
人生必去清单——天堂海岛马尔代夫 最全细节攻略,wateranye,暂无数据,暂无数据,2024-07-11 出发,共7天,漫游 海滨海岛 潜水 暑假 摄影 夏季,人均16000元,749张照片,,https://tr-osdcp.qunarzz.com/tr_osd_tr_hy/tr-osd-tr-space-img_14e989815de9583a6af48d70709dc4af.jpeg_160x120x95_bf1b14c1.jpeg,3995,0,0,0,0,https://travel.qunar.com/travelbook/note/7860900,共7天
与西蒙的草原、沙漠、火山、峡谷来一场浪漫且自由的邂逅,ONELI,暂无数据,暂无数据,2024-07-13 出发,共7天,环游 美食 自驾 暑假,人均4500元,40张照片,心心念念的内蒙古之旅要告一段落了，怀着不舍的心情，我们踏上了归程🛩️🛩️。,https://tr-osdcp.qunarzz.com/tr_osd_tr_hy/tr-osd-tr-mapi-img_8633e8b1e2970b17b619ee5ca3774677.jpg_160x120x95_ab4d27c5.jpg,5436,0,0,0,0,https://travel.qunar.com/travelbook/note/7860831,共7天
